rms_current,sideband_left,sideband_right,current_imbalance,main_freq,fault_label
0.7288689868556626,0.034403873653462314,0.013426162166812151,1.727215213913807,50,1
